{
    "snippets": [
        {
            "Name"  :   "Dimensions and Measures in a Table",
            "Description"  :   "Html-table iterating through all measures and dimensions (without any css)",
            "key"   :   "html/0_tablepure",
            "cat"   :   "html",
            "show"  :   true,
            "src"   :   "local"
        },
        {
            "Name"  :   "Show- & Hide-Conditions",
            "Description"  :   "Basic example how to create show- & hide-conditions.",
            "key"   :   "html/2_ngshow-nghide",
            "cat"   :   "html",
            "show"  :   true,
            "src"   :   "local"
        },
        {
            "Name"  :   "Button with Action",
            "Description"  :   "Add a button which triggers an action.",
            "key"   :   "html/3_Button_WithAction",
            "cat"   :   "html",
            "show"  :   true,
            "src"   :   "local"
        },
        {
            "Name"  :   "Working with HyperCubes: Shorthand Notation Examples",
            "Description"  :   "Examples how to work with HyperCubes and the Shorthand notation..",
            "key"   :   "html/4_HyperCubes_ShortHandExamples",
            "cat"   :   "html",
            "show"  :   true,
            "src"   :   "local"
        }

    ]
}
