{
    "repositories": [
        {
            "name": "Local Repository (Static)",
            "type": "local",
            "repUrl": "/extensions/qwidget/rep/widgets.json",
            "allowsPublishing": false,
            "main": false
        },
        {
            "name": "Qlik Internal Repository",
            "type": "ws",
            "repUrl": "http://qtarchlabeu04.qliktech.com:8080/qWidgetApi/api/v1/",
            "allowsPublishing": true,
            "main": true
        }
    ]
}