﻿{
    "widgets": [
        {
            "Name": "Object Metadata",
            "Author": "Stefan Walther",
            "WidgetId": "objectmetadata",
            "CategoryName": "System Objects",
            "Description": "Displays a bunch of meta-data for the current object.",
            "enabled": true
        },
        {
            "Name": "Simple Table",
            "Author": "Stefan Walther",
            "WidgetId": "simpletable",
            "CategoryName": "System Objects",
            "Description": "Display a simple table with all the data defined for this object.",
            "enabled": true
        },
        {
            "Name": "Measure, Status and Trend",
            "Author": "Stefan Walther",
            "WidgetId": "measurestatustrend",
            "CategoryName": "KPI Tiles",
            "Description": "Simple tile with a measure, a status and a trend-icon.",
            "enabled": true
        },
        {
            "Name": "Simple Tile",
            "Author": "Stefan Walther",
            "WidgetId": "simpletile",
            "CategoryName": "KPI Tiles",
            "Description": "Simple tile for displaying a measure and changes + color coding.",
            "enabled": true
        },
        {
            "Name": "KPI Tile 1",
            "Author": "Stefan Walther",
            "WidgetId": "kpi-tile1",
            "CategoryName": "Tiles",
            "Description": "KPI tile to measures from one period with another.",
            "themes": ["default", "green", "blue"],
            "enabled": true
        },
        {
            "Name": "KPI Tile 2",
            "Author": "Stefan Walther",
            "WidgetId": "kpi-tile2",
            "CategoryName": "Tiles",
            "Description": "KPI tile with icon, measure, subtitle and footer.",
            "enabled": true
        },
        {
            "Name": "Menu with Icon + Text",
            "Author": "Stefan Walther",
            "WidgetId": "menu1",
            "CategoryName": "Navigation",
            "Description": "Dynamic menu with details for every menu-entry (icon + text).",
            "enabled": true
        }

    ]
}