{
    "snippets": [
        {
            "Name"  :   "Dimensions and Measures in a Table",
            "Description"  :   "Html-table iterating through all measures and dimensions (without any css)",
            "key"   :   "html/0_tablepure",
            "cat"   :   "html",
            "show"  :   true,
            "src"   :   "local"
        },
        {
            "Name"  :   "Show- & Hide-Conditions",
            "Description"  :   "Basic example how to create show- & hide-conditions.",
            "key"   :   "html/2_ngshow-nghide",
            "cat"   :   "html",
            "show"  :   true,
            "src"   :   "local"
        },
        {
            "Name"  :   "Button with Action",
            "Description"  :   "Add a button which triggers an action.",
            "key"   :   "html/3_Button_WithAction",
            "cat"   :   "html",
            "show"  :   true,
            "src"   :   "local"
        },
        {
            "Name"  :   "Working with HyperCubes: Shorthand Notation Examples",
            "Description"  :   "Examples how to work with HyperCubes and the Shorthand notation..",
            "key"   :   "html/4_HyperCubes_ShortHandExamples",
            "cat"   :   "html",
            "show"  :   true,
            "src"   :   "local"
        },
        {
            "Name"  :   "Basic Tab Example",
            "Description"  :   "Horizontal Tab example using default settings",
            "key"   :   "html/6_TabDefault",
            "cat"   :   "html",
            "show"  :   true,
            "src"   :   "local"
        },
        {
            "Name"  :   "Basic Tab Example (Type Pills)",
            "Description"  :   "Horizontal Tab example using type 'pills'",
            "key"   :   "html/7_TabPills",
            "cat"   :   "html",
            "show"  :   true,
            "src"   :   "local"
        },
        {
            "Name"  :   "Vertical Tab Example (Type Pills)",
            "Description"  :   "Vertical Tab example using type 'pills'",
            "key"   :   "html/8_TabPillsVertical",
            "cat"   :   "html",
            "show"  :   true,
            "src"   :   "local"
        },
        {
            "Name"  :   "Single Value Slider",
            "Description"  :   "Slider to manipulate a single variable.",
            "key"   :   "html/100_Slider_DefaultSingle",
            "cat"   :   "html",
            "show"  :   true,
            "src"   :   "local"
        },
        {
            "Name"  :   "Range Slider",
            "Description"  :   "Slider to manipulate a two variables.",
            "key"   :   "html/101_Slider_RangeSlider",
            "cat"   :   "html",
            "show"  :   true,
            "src"   :   "local"
        },
        {
            "Name"  :   "Slider with Customized Labels",
            "Description"  :   "Slider to select a month + showing months on the slider's axis.",
            "key"   :   "html/102_Slider_Months",
            "cat"   :   "html",
            "show"  :   true,
            "src"   :   "local"
        }




    ]
}
